suite,seed,profile,startStage,endStage,arena,outcome,seconds,startHp,endHp,damage,healed,peakEnemies,peakShots,peakParticles,remainingHp,modCount,mods,death,error
bosses,path-run-65,utility,3,3,loader,clear,21.2,100,100,0,0,1,12,59,0,3,light;fold;countershot,,
bosses,path-run-65,utility,7,7,press,dead,17.9,100,0,100,0,1,15,104,484,7,light;fold;countershot;ricochet;pierce;split;leech,"{""type"":""slam"",""enemy"":""press""}",
bosses,path-run-65,utility,11,11,turbine,clear,65.77,100,100,0,0,1,17,67,0,11,light;fold;countershot;ricochet;pierce;split;leech;landing;vector;tether;capacitor,,
bosses,path-run-65,utility,15,15,boss,clear,63.75,100,100,0,0,1,26,94,0,15,light;fold;countershot;ricochet;pierce;split;leech;landing;vector;tether;capacitor;reserve-cell;tripwire;rewire;burst,,
bosses,path-run-65,utility,19,19,interceptor,timeout,89.85,100,48,52,0,1,19,97,2806.9,19,light;fold;countershot;ricochet;pierce;split;leech;landing;vector;tether;capacitor;reserve-cell;tripwire;rewire;burst;recall;airshot;shellshock;cluster-shell,,
bosses,path-run-66,utility,3,3,loader,clear,21.2,100,100,0,0,1,12,59,0,3,light;fold;countershot,,
bosses,path-run-66,utility,7,7,press,dead,23.13,100,0,100,0,1,16,85,102,7,light;fold;countershot;ricochet;pierce;split;leech,"{""type"":""slam"",""enemy"":""press""}",
bosses,path-run-66,utility,11,11,condenser,clear,56.75,100,39,63,2,1,27,70,0,11,light;fold;countershot;ricochet;pierce;split;leech;landing;vector;tether;capacitor,,
bosses,path-run-66,utility,15,15,sorter,clear,28.43,100,100,0,0,1,15,61,0,15,light;fold;countershot;ricochet;pierce;split;leech;landing;vector;tether;capacitor;reserve-cell;magnum;rewire;airshot,,
bosses,path-run-66,utility,19,19,interceptor,clear,60.48,100,4,98,2,1,17,75,0,19,light;fold;countershot;ricochet;pierce;split;leech;landing;vector;tether;capacitor;reserve-cell;magnum;rewire;airshot;suspension;mass-driver;rapid;arc-coil,,
bosses,path-run-67,utility,3,3,crane,dead,14.18,100,0,100,0,1,4,76,718.4,3,light;fold;countershot,"{""type"":""slam"",""enemy"":""crane""}",
bosses,path-run-67,utility,7,7,kiln,clear,22.7,100,84,18,2,1,14,68,0,7,light;fold;countershot;ricochet;pierce;split;leech,,
bosses,path-run-67,utility,11,11,condenser,clear,52.93,100,39,63,2,1,30,79,0,11,light;fold;countershot;ricochet;pierce;split;leech;landing;vector;tether;capacitor,,
bosses,path-run-67,utility,15,15,sorter,clear,36.08,100,100,0,0,1,79,193,0,15,light;fold;countershot;ricochet;pierce;split;leech;landing;vector;tether;capacitor;reserve-cell;scatter;rewire;rapid,,
bosses,path-run-67,utility,19,19,interceptor,timeout,89.95,100,100,0,0,1,60,217,582,19,light;fold;countershot;ricochet;pierce;split;leech;landing;vector;tether;capacitor;reserve-cell;scatter;rewire;rapid;kick;air-brake;shellshock;mass-driver,,
bosses,path-run-65,balanced,3,3,loader,clear,16.02,100,100,0,0,1,11,59,0,3,magnum;light;kick,,
bosses,path-run-65,balanced,7,7,press,clear,15.9,100,42,60,2,1,8,80,0,7,magnum;light;kick;rapid;airshot;leech;pierce,,
bosses,path-run-65,balanced,11,11,turbine,clear,56.73,100,95,7,2,1,30,142,0,11,magnum;light;kick;rapid;airshot;leech;pierce;ricochet;scatter;countershot;shellshock,,
bosses,path-run-65,balanced,15,15,boss,clear,73.55,100,100,0,0,1,33,135,0,15,magnum;light;kick;rapid;airshot;leech;pierce;ricochet;scatter;countershot;shellshock;capacitor;tripwire;redline;blast-surf,,
bosses,path-run-65,balanced,19,19,interceptor,timeout,89.8,100,42,58,0,1,21,114,577.9,19,magnum;light;kick;rapid;airshot;leech;pierce;ricochet;scatter;countershot;shellshock;capacitor;tripwire;redline;blast-surf;fuse;banker;recall;cluster-shell,,
bosses,path-run-66,balanced,3,3,loader,clear,14,100,100,0,0,1,11,75,0,3,magnum;light;kick,,
bosses,path-run-66,balanced,7,7,press,clear,13.7,100,42,60,2,1,8,106,0,7,magnum;light;kick;rapid;airshot;leech;pierce,,
bosses,path-run-66,balanced,11,11,condenser,dead,60.12,100,0,100,0,1,33,88,2041.5,11,magnum;light;kick;rapid;airshot;leech;pierce;ricochet;scatter;countershot;vector,"{""type"":""shot"",""enemy"":""condenser""}",
bosses,path-run-66,balanced,15,15,sorter,clear,17.7,100,100,0,0,1,48,151,0,15,magnum;light;kick;rapid;airshot;leech;pierce;ricochet;scatter;countershot;vector;backblast;split;shatter;landing,,
bosses,path-run-66,balanced,19,19,interceptor,clear,34.42,100,100,0,0,1,55,148,0,19,magnum;light;kick;rapid;airshot;leech;pierce;ricochet;scatter;countershot;vector;backblast;split;shatter;landing;suspension;mass-driver;banker;grindshot,,
bosses,path-run-67,balanced,3,3,crane,dead,23.18,100,0,100,0,1,4,59,126.2,3,magnum;light;kick,"{""type"":""slam"",""enemy"":""crane""}",
bosses,path-run-67,balanced,7,7,kiln,clear,18.2,100,100,0,0,1,10,68,0,7,magnum;light;kick;rapid;airshot;leech;pierce,,
bosses,path-run-67,balanced,11,11,condenser,clear,87.05,100,39,63,2,1,38,121,0,11,magnum;light;kick;rapid;airshot;leech;pierce;ricochet;scatter;countershot;shellshock,,
bosses,path-run-67,balanced,15,15,sorter,clear,62.32,100,100,0,0,1,24,134,0,15,magnum;light;kick;rapid;airshot;leech;pierce;ricochet;scatter;countershot;shellshock;wallrunner;burst;redline;backblast,,
bosses,path-run-67,balanced,19,19,interceptor,timeout,89.75,100,30,70,0,1,28,136,2280.8,19,magnum;light;kick;rapid;airshot;leech;pierce;ricochet;scatter;countershot;shellshock;wallrunner;burst;redline;backblast;landing;shaped-charge;chain-reaction;grindshot,,
bosses,path-run-65,precision,3,3,loader,clear,13.75,100,76,24,0,1,11,57,0,3,magnum;rapid;deadeye,,
bosses,path-run-65,precision,7,7,press,clear,12.82,100,72,30,2,1,6,76,0,7,magnum;rapid;deadeye;airshot;light;leech;execute,,
bosses,path-run-65,precision,11,11,turbine,clear,26.92,100,36,66,2,1,9,65,0,11,magnum;rapid;deadeye;airshot;light;leech;execute;rivet;fracture;deadlock;capacitor,,
bosses,path-run-65,precision,15,15,boss,clear,26.13,100,10,92,2,1,12,81,0,15,magnum;rapid;deadeye;airshot;light;leech;execute;rivet;fracture;deadlock;capacitor;reserve-cell;rail-spike;backblast;kick,,
bosses,path-run-65,precision,19,19,interceptor,dead,20.68,100,0,100,0,1,9,69,4156.3,19,magnum;rapid;deadeye;airshot;light;leech;execute;rivet;fracture;deadlock;capacitor;reserve-cell;rail-spike;backblast;kick;redline;pierce;landing;grindshot,"{""type"":""contact"",""enemy"":""interceptor""}",
bosses,path-run-66,precision,3,3,loader,clear,13.73,100,76,24,0,1,11,58,0,3,magnum;rapid;deadeye,,
bosses,path-run-66,precision,7,7,press,clear,13.87,100,42,60,2,1,3,63,0,7,magnum;rapid;deadeye;airshot;light;leech;execute,,
bosses,path-run-66,precision,11,11,condenser,clear,30.25,100,81,21,2,1,17,79,0,11,magnum;rapid;deadeye;airshot;light;leech;execute;rivet;fracture;deadlock;capacitor,,
bosses,path-run-66,precision,15,15,sorter,dead,30.93,100,0,100,0,1,6,41,1304.8,15,magnum;rapid;deadeye;airshot;light;leech;execute;rivet;fracture;deadlock;capacitor;reserve-cell;rail-spike;backblast;ricochet,"{""type"":""shot"",""enemy"":""sorter""}",
bosses,path-run-66,precision,19,19,interceptor,clear,49.68,100,46,56,2,1,8,71,0,19,magnum;rapid;deadeye;airshot;light;leech;execute;rivet;fracture;deadlock;capacitor;reserve-cell;rail-spike;backblast;ricochet;arc-coil;countershot;pierce;breach,,
bosses,path-run-67,precision,3,3,crane,dead,15.98,100,0,100,0,1,3,54,410.9,3,magnum;rapid;deadeye,"{""type"":""slam"",""enemy"":""crane""}",
bosses,path-run-67,precision,7,7,kiln,clear,11.5,100,100,0,0,1,4,92,0,7,magnum;rapid;deadeye;airshot;light;leech;execute,,
bosses,path-run-67,precision,11,11,condenser,clear,19.52,100,100,0,0,1,20,59,0,11,magnum;rapid;deadeye;airshot;light;leech;execute;rivet;fracture;deadlock;capacitor,,
bosses,path-run-67,precision,15,15,sorter,dead,24.92,100,0,100,0,1,6,46,875.5,15,magnum;rapid;deadeye;airshot;light;leech;execute;rivet;fracture;deadlock;capacitor;reserve-cell;rail-spike;backblast;ricochet,"{""type"":""shot"",""enemy"":""sorter""}",
bosses,path-run-67,precision,19,19,interceptor,clear,40.9,100,34,68,2,1,8,68,0,19,magnum;rapid;deadeye;airshot;light;leech;execute;rivet;fracture;deadlock;capacitor;reserve-cell;rail-spike;backblast;ricochet;pierce;grindshot;landing;arc-coil,,
bosses,path-run-65,volley,3,3,loader,clear,32.92,100,100,0,0,1,20,81,0,3,magnum;rapid;scatter,,
bosses,path-run-65,volley,7,7,press,clear,14.65,100,12,90,2,1,39,199,0,7,magnum;rapid;scatter;crossfire;airshot;leech;burst,,
bosses,path-run-65,volley,11,11,turbine,clear,40.58,100,80,22,2,1,71,184,0,11,magnum;rapid;scatter;crossfire;airshot;leech;burst;convergence;afterimage;parallax;pierce,,
bosses,path-run-65,volley,15,15,boss,clear,32.15,100,79,23,2,1,115,217,0,15,magnum;rapid;scatter;crossfire;airshot;leech;burst;convergence;afterimage;parallax;pierce;ricochet;light;bloom;banker,,
bosses,path-run-65,volley,19,19,interceptor,clear,76.03,100,87,15,2,1,57,220,0,19,magnum;rapid;scatter;crossfire;airshot;leech;burst;convergence;afterimage;parallax;pierce;ricochet;light;bloom;banker;countershot;backblast;backfire;mass-driver,,
bosses,path-run-66,volley,3,3,loader,clear,32.92,100,100,0,0,1,20,81,0,3,magnum;rapid;scatter,,
bosses,path-run-66,volley,7,7,press,clear,13.53,100,72,30,2,1,39,194,0,7,magnum;rapid;scatter;crossfire;airshot;leech;burst,,
bosses,path-run-66,volley,11,11,condenser,clear,37.7,100,18,84,2,1,66,203,0,11,magnum;rapid;scatter;crossfire;airshot;leech;burst;convergence;afterimage;parallax;pierce,,
bosses,path-run-66,volley,15,15,sorter,clear,18,100,80,22,2,1,84,217,0,15,magnum;rapid;scatter;crossfire;airshot;leech;burst;convergence;afterimage;parallax;pierce;ricochet;light;bloom;kick,,
bosses,path-run-66,volley,19,19,interceptor,clear,63.78,100,66,36,2,1,57,217,0,19,magnum;rapid;scatter;crossfire;airshot;leech;burst;convergence;afterimage;parallax;pierce;ricochet;light;bloom;kick;mass-driver;grindshot;backblast;countershot,,
bosses,path-run-67,volley,3,3,crane,dead,16.58,100,0,100,0,1,12,88,418.7,3,magnum;rapid;scatter,"{""type"":""slam"",""enemy"":""crane""}",
bosses,path-run-67,volley,7,7,kiln,clear,18.37,100,100,0,0,1,43,168,0,7,magnum;rapid;scatter;crossfire;airshot;leech;burst,,
bosses,path-run-67,volley,11,11,condenser,clear,27.97,100,100,0,0,1,74,192,0,11,magnum;rapid;scatter;crossfire;airshot;leech;burst;convergence;afterimage;parallax;pierce,,
bosses,path-run-67,volley,15,15,sorter,clear,17.57,100,100,0,0,1,79,217,0,15,magnum;rapid;scatter;crossfire;airshot;leech;burst;convergence;afterimage;parallax;pierce;ricochet;light;bloom;kick,,
bosses,path-run-67,volley,19,19,interceptor,clear,33.28,100,100,0,0,1,100,218,0,19,magnum;rapid;scatter;crossfire;airshot;leech;burst;convergence;afterimage;parallax;pierce;ricochet;light;bloom;kick;backblast;wallrunner;breach;grindshot,,
bosses,path-run-65,demolition,3,3,loader,clear,12.78,100,100,0,0,1,11,61,0,3,magnum;airshot;leech,,
bosses,path-run-65,demolition,7,7,press,clear,12.38,100,42,60,2,1,3,93,0,7,magnum;airshot;leech;shellshock;rapid;aftershock;light,,
bosses,path-run-65,demolition,11,11,turbine,clear,23.82,100,80,22,2,1,13,151,0,11,magnum;airshot;leech;shellshock;rapid;aftershock;light;scatter;fuse;linked-fuse;chain-reaction,,
bosses,path-run-65,demolition,15,15,boss,clear,44.55,100,79,23,2,1,26,199,0,15,magnum;airshot;leech;shellshock;rapid;aftershock;light;scatter;fuse;linked-fuse;chain-reaction;blast-surf;burst;shockfront;banker,,
bosses,path-run-65,demolition,19,19,interceptor,clear,40.23,100,85,17,2,1,22,192,0,19,magnum;airshot;leech;shellshock;rapid;aftershock;light;scatter;fuse;linked-fuse;chain-reaction;blast-surf;burst;shockfront;banker;tether;kick;capacitor;wallrunner,,
bosses,path-run-66,demolition,3,3,loader,clear,10.98,100,100,0,0,1,8,65,0,3,magnum;airshot;leech,,
bosses,path-run-66,demolition,7,7,press,dead,14.48,100,0,100,0,1,6,127,40.9,7,magnum;airshot;leech;shellshock;rapid;aftershock;light,"{""type"":""slam"",""enemy"":""press""}",
bosses,path-run-66,demolition,11,11,condenser,clear,46.68,100,81,21,2,1,23,136,0,11,magnum;airshot;leech;shellshock;rapid;aftershock;light;scatter;fuse;linked-fuse;chain-reaction,,
bosses,path-run-66,demolition,15,15,sorter,clear,31.05,100,10,92,2,1,33,212,0,15,magnum;airshot;leech;shellshock;rapid;aftershock;light;scatter;fuse;linked-fuse;chain-reaction;blast-surf;burst;shockfront;split,,
bosses,path-run-66,demolition,19,19,interceptor,timeout,89.85,100,52,48,0,1,52,214,2690.6,19,magnum;airshot;leech;shellshock;rapid;aftershock;light;scatter;fuse;linked-fuse;chain-reaction;blast-surf;burst;shockfront;split;shaped-charge;grindshot;pierce;countershot,,
bosses,path-run-67,demolition,3,3,crane,dead,13.43,100,0,100,0,1,2,54,477.5,3,magnum;airshot;leech,"{""type"":""slam"",""enemy"":""crane""}",
bosses,path-run-67,demolition,7,7,kiln,clear,11.48,100,100,0,0,1,7,89,0,7,magnum;airshot;leech;shellshock;rapid;aftershock;light,,
bosses,path-run-67,demolition,11,11,condenser,clear,29.02,100,81,21,2,1,27,153,0,11,magnum;airshot;leech;shellshock;rapid;aftershock;light;scatter;fuse;linked-fuse;chain-reaction,,
bosses,path-run-67,demolition,15,15,sorter,dead,66.13,100,0,100,0,1,20,155,670.6,15,magnum;airshot;leech;shellshock;rapid;aftershock;light;scatter;fuse;linked-fuse;chain-reaction;blast-surf;burst;shockfront;pierce,"{""type"":""shot"",""enemy"":""sorter""}",
bosses,path-run-67,demolition,19,19,interceptor,clear,65.9,100,78,24,2,1,78,219,0,19,magnum;airshot;leech;shellshock;rapid;aftershock;light;scatter;fuse;linked-fuse;chain-reaction;blast-surf;burst;shockfront;pierce;split;cluster-shell;shatter;tripwire,,
bosses,path-run-65,beam,3,3,loader,clear,16.83,100,100,0,0,1,10,51,0,3,magnum;rapid;cutting-torch,,
bosses,path-run-65,beam,7,7,press,clear,22.63,100,61,41,2,1,5,93,0,7,magnum;rapid;cutting-torch;light;leech;burst;scatter,,
bosses,path-run-65,beam,11,11,turbine,clear,72.57,100,14,88,2,1,6,66,0,11,magnum;rapid;cutting-torch;light;leech;burst;scatter;airshot;pulse-chamber;countershot;banker,,
bosses,path-run-65,beam,15,15,boss,clear,60.63,100,79,23,2,1,12,69,0,15,magnum;rapid;cutting-torch;light;leech;burst;scatter;airshot;pulse-chamber;countershot;banker;fold;arc-coil;deadeye;landing,,
bosses,path-run-65,beam,19,19,interceptor,clear,47.33,100,30,72,2,1,7,77,0,19,magnum;rapid;cutting-torch;light;leech;burst;scatter;airshot;pulse-chamber;countershot;banker;fold;arc-coil;deadeye;landing;capacitor;kick;slingshot;short-circuit,,
bosses,path-run-66,beam,3,3,loader,clear,19.35,100,100,0,0,1,10,63,0,3,magnum;rapid;cutting-torch,,
bosses,path-run-66,beam,7,7,press,clear,22.57,100,12,90,2,1,5,85,0,7,magnum;rapid;cutting-torch;light;leech;burst;scatter,,
bosses,path-run-66,beam,11,11,condenser,dead,44.65,100,0,100,0,1,18,60,1158.8,11,magnum;rapid;cutting-torch;light;leech;burst;scatter;airshot;pulse-chamber;countershot;arc-coil,"{""type"":""shot"",""enemy"":""condenser""}",
bosses,path-run-66,beam,15,15,sorter,clear,35.68,100,48,54,2,1,9,67,0,15,magnum;rapid;cutting-torch;light;leech;burst;scatter;airshot;pulse-chamber;countershot;arc-coil;split;ricochet;fold;kick,,
bosses,path-run-66,beam,19,19,interceptor,clear,41.53,100,43,59,2,1,16,79,0,19,magnum;rapid;cutting-torch;light;leech;burst;scatter;airshot;pulse-chamber;countershot;arc-coil;split;ricochet;fold;kick;short-circuit;tether;backblast;backfire,,
bosses,path-run-67,beam,3,3,crane,dead,18.42,100,0,100,0,1,3,36,589.8,3,magnum;rapid;cutting-torch,"{""type"":""slam"",""enemy"":""crane""}",
bosses,path-run-67,beam,7,7,kiln,clear,22.35,100,100,0,0,1,5,58,0,7,magnum;rapid;cutting-torch;light;leech;burst;scatter,,
bosses,path-run-67,beam,11,11,condenser,dead,35.17,100,0,100,0,1,20,46,2154.1,11,magnum;rapid;cutting-torch;light;leech;burst;scatter;airshot;pulse-chamber;countershot;banker,"{""type"":""shot"",""enemy"":""condenser""}",
bosses,path-run-67,beam,15,15,sorter,clear,60.93,100,78,24,2,1,13,65,0,15,magnum;rapid;cutting-torch;light;leech;burst;scatter;airshot;pulse-chamber;countershot;banker;corner-pocket;ricochet;deadeye;split,,
bosses,path-run-67,beam,19,19,interceptor,clear,54.7,100,66,36,2,1,14,67,0,19,magnum;rapid;cutting-torch;light;leech;burst;scatter;airshot;pulse-chamber;countershot;banker;corner-pocket;ricochet;deadeye;split;kick;air-brake;redline;arc-coil,,
bosses,path-run-65,cryogenic,3,3,loader,clear,18.97,100,82,18,0,1,12,66,0,3,magnum;rapid;coolant-rounds,,
bosses,path-run-65,cryogenic,7,7,press,dead,17.75,100,0,100,0,1,8,130,432.6,7,magnum;rapid;coolant-rounds;deep-freeze;light;leech;pierce,"{""type"":""slam"",""enemy"":""press""}",
bosses,path-run-65,cryogenic,11,11,turbine,clear,34.52,100,100,0,0,1,12,75,0,11,magnum;rapid;coolant-rounds;deep-freeze;light;leech;pierce;airshot;icebreaker;ricochet;landing,,
bosses,path-run-65,cryogenic,15,15,boss,clear,49.58,100,100,0,0,1,14,63,0,15,magnum;rapid;coolant-rounds;deep-freeze;light;leech;pierce;airshot;icebreaker;ricochet;landing;recall;arc-coil;homecoming;backblast,,
bosses,path-run-65,cryogenic,19,19,interceptor,clear,65.07,100,53,49,2,1,12,76,0,19,magnum;rapid;coolant-rounds;deep-freeze;light;leech;pierce;airshot;icebreaker;ricochet;landing;recall;arc-coil;homecoming;backblast;capacitor;kick;breach;retrace,,
bosses,path-run-66,cryogenic,3,3,loader,clear,15.48,100,100,0,0,1,11,69,0,3,magnum;rapid;coolant-rounds,,
bosses,path-run-66,cryogenic,7,7,press,dead,17.28,100,0,100,0,1,9,72,509.3,7,magnum;rapid;coolant-rounds;deep-freeze;light;leech;pierce,"{""type"":""slam"",""enemy"":""press""}",
bosses,path-run-66,cryogenic,11,11,condenser,clear,41.25,100,39,63,2,1,20,76,0,11,magnum;rapid;coolant-rounds;deep-freeze;light;leech;pierce;airshot;icebreaker;backblast;arc-coil,,
bosses,path-run-66,cryogenic,15,15,sorter,clear,27.23,100,100,0,0,1,36,137,0,15,magnum;rapid;coolant-rounds;deep-freeze;light;leech;pierce;airshot;icebreaker;backblast;arc-coil;split;scatter;shatter;kick,,
bosses,path-run-66,cryogenic,19,19,interceptor,clear,66.87,100,30,72,2,1,92,217,0,19,magnum;rapid;coolant-rounds;deep-freeze;light;leech;pierce;airshot;icebreaker;backblast;arc-coil;split;scatter;shatter;kick;short-circuit;grindshot;burst;capacitor,,
bosses,path-run-67,cryogenic,3,3,crane,dead,19.47,100,0,100,0,1,4,58,230.8,3,magnum;rapid;coolant-rounds,"{""type"":""slam"",""enemy"":""crane""}",
bosses,path-run-67,cryogenic,7,7,kiln,clear,25.27,100,100,0,0,1,7,63,0,7,magnum;rapid;coolant-rounds;deep-freeze;light;leech;pierce,,
bosses,path-run-67,cryogenic,11,11,condenser,clear,76.57,100,39,63,2,1,26,90,0,11,magnum;rapid;coolant-rounds;deep-freeze;light;leech;pierce;airshot;icebreaker;grindshot;banker,,
bosses,path-run-67,cryogenic,15,15,sorter,clear,58.25,100,100,0,0,1,20,85,0,15,magnum;rapid;coolant-rounds;deep-freeze;light;leech;pierce;airshot;icebreaker;grindshot;banker;corner-pocket;ricochet;fold;split,,
bosses,path-run-67,cryogenic,19,19,interceptor,clear,60.73,100,43,59,2,1,17,94,0,19,magnum;rapid;coolant-rounds;deep-freeze;light;leech;pierce;airshot;icebreaker;grindshot;banker;corner-pocket;ricochet;fold;split;kick;wallrunner;redline;mass-driver,,
bosses,path-run-65,stasis,3,3,loader,clear,13.18,100,100,0,0,1,4,76,0,3,magnum;rapid;suspension,,
bosses,path-run-65,stasis,7,7,press,clear,19.93,100,42,60,2,1,20,101,0,7,magnum;rapid;suspension;scatter;light;leech;crosshatch,,
bosses,path-run-65,stasis,11,11,turbine,clear,22.2,100,100,0,0,1,41,131,0,11,magnum;rapid;suspension;scatter;light;leech;crosshatch;airshot;thread-the-needle;pierce;ricochet,,
bosses,path-run-65,stasis,15,15,boss,clear,40.05,100,100,0,0,1,34,121,0,15,magnum;rapid;suspension;scatter;light;leech;crosshatch;airshot;thread-the-needle;pierce;ricochet;recall;arc-coil;homecoming;banker,,
bosses,path-run-65,stasis,19,19,interceptor,clear,66.73,100,28,74,2,1,39,217,0,19,magnum;rapid;suspension;scatter;light;leech;crosshatch;airshot;thread-the-needle;pierce;ricochet;recall;arc-coil;homecoming;banker;tether;burst;capacitor;wallrunner,,
bosses,path-run-66,stasis,3,3,loader,clear,13.42,100,100,0,0,1,4,66,0,3,magnum;rapid;suspension,,
bosses,path-run-66,stasis,7,7,press,clear,19.1,100,12,90,2,1,20,120,0,7,magnum;rapid;suspension;scatter;light;leech;crosshatch,,
bosses,path-run-66,stasis,11,11,condenser,clear,35.1,100,60,42,2,1,40,114,0,11,magnum;rapid;suspension;scatter;light;leech;crosshatch;airshot;thread-the-needle;pierce;ricochet,,
bosses,path-run-66,stasis,15,15,sorter,clear,26.23,100,100,0,0,1,48,217,0,15,magnum;rapid;suspension;scatter;light;leech;crosshatch;airshot;thread-the-needle;pierce;ricochet;burst;split;recall;backblast,,
bosses,path-run-66,stasis,19,19,interceptor,clear,42.85,100,82,20,2,1,54,220,0,19,magnum;rapid;suspension;scatter;light;leech;crosshatch;airshot;thread-the-needle;pierce;ricochet;burst;split;recall;backblast;retrace;arc-coil;banker;countershot,,
bosses,path-run-67,stasis,3,3,crane,dead,17.93,100,0,100,0,1,5,46,644.8,3,magnum;rapid;suspension,"{""type"":""slam"",""enemy"":""crane""}",
bosses,path-run-67,stasis,7,7,kiln,clear,17.45,100,84,18,2,1,18,101,0,7,magnum;rapid;suspension;scatter;light;leech;crosshatch,,
bosses,path-run-67,stasis,11,11,condenser,clear,28.53,100,100,0,0,1,47,131,0,11,magnum;rapid;suspension;scatter;light;leech;crosshatch;airshot;thread-the-needle;pierce;ricochet,,
bosses,path-run-67,stasis,15,15,sorter,clear,24.73,100,100,0,0,1,108,216,0,15,magnum;rapid;suspension;scatter;light;leech;crosshatch;airshot;thread-the-needle;pierce;ricochet;wallrunner;split;shatter;burst,,
bosses,path-run-67,stasis,19,19,interceptor,clear,48.68,100,76,26,2,1,180,216,0,19,magnum;rapid;suspension;scatter;light;leech;crosshatch;airshot;thread-the-needle;pierce;ricochet;wallrunner;split;shatter;burst;backblast;mass-driver;backfire;vector,,
branches,,grapnel,10,,room,clear,19.62,100,56,60,16,11,7,49,0,10,tether;grapnel;kick;light;airshot;redline;leech;pierce;magnum;rapid,,
branches,,grapnel,19,,boss,clear,38.08,100,78,24,2,1,156,216,0,19,tether;grapnel;kick;light;airshot;redline;leech;pierce;magnum;rapid;scatter;ricochet;split;burst;backblast;banker;landing;crossfire;bloom,,
branches,,convoy,10,,room,clear,22.68,100,62,54,16,11,22,188,0,10,suspension;crosshatch;convoy;scatter;rapid;light;kick;airshot;leech;pierce,,
branches,,convoy,19,,boss,clear,38.23,100,78,24,2,1,75,219,0,19,suspension;crosshatch;convoy;scatter;rapid;light;kick;airshot;leech;pierce;magnum;ricochet;split;burst;backblast;banker;landing;fold;rewire,,
branches,,thermal,10,,room,clear,15.32,100,100,0,0,9,11,89,0,10,coolant-rounds;cinder;thermal-shock;deep-freeze;pierce;rapid;light;airshot;leech;ricochet,,
branches,,thermal,19,,boss,clear,62.98,100,45,57,2,1,65,218,0,19,coolant-rounds;cinder;thermal-shock;deep-freeze;pierce;rapid;light;airshot;leech;ricochet;magnum;scatter;split;kick;burst;backblast;banker;landing;fold,,
branches,,pocket,10,,room,clear,15.17,100,100,0,0,7,9,77,0,10,ricochet;banker;corner-pocket;pierce;magnum;rapid;light;airshot;leech;kick,,
branches,,pocket,19,,boss,clear,27.1,100,100,0,0,1,138,216,0,19,ricochet;banker;corner-pocket;pierce;magnum;rapid;light;airshot;leech;kick;scatter;split;burst;backblast;landing;crossfire;bloom;fold;rewire,,
branches,,scrap,10,,room,clear,16.08,100,100,0,0,11,21,92,0,10,split;scrap-feed;shatter;magnum;rapid;light;airshot;leech;pierce;kick,,
branches,,scrap,19,,boss,clear,37.68,100,84,18,2,1,180,217,0,19,split;scrap-feed;shatter;magnum;rapid;light;airshot;leech;pierce;kick;scatter;ricochet;burst;backblast;banker;landing;crossfire;bloom;fold,,
branches,,icebreaker,10,,room,clear,14.93,100,100,0,0,11,12,83,0,10,coolant-rounds;deep-freeze;icebreaker;pierce;rapid;airshot;light;kick;leech;vector,,
branches,,icebreaker,19,,boss,clear,41.23,100,92,10,2,1,68,216,0,19,coolant-rounds;deep-freeze;icebreaker;pierce;rapid;airshot;light;kick;leech;vector;magnum;scatter;ricochet;split;burst;backblast;banker;landing;fold,,
branches,,coldfront,10,,room,clear,18.45,100,100,0,0,11,11,97,0,10,coolant-rounds;cold-snap;cold-front;pierce;rapid;airshot;light;kick;leech;banker,,
branches,,coldfront,19,,boss,clear,55.98,100,68,34,2,1,63,217,0,19,coolant-rounds;cold-snap;cold-front;pierce;rapid;airshot;light;kick;leech;banker;magnum;scatter;ricochet;split;burst;backblast;landing;fold;rewire,,
branches,,crosshatch,10,,room,clear,17.92,100,100,0,0,11,24,144,0,10,suspension;crosshatch;thread-the-needle;scatter;rapid;light;kick;airshot;leech;pierce,,
branches,,crosshatch,19,,boss,clear,40.02,100,84,18,2,1,73,220,0,19,suspension;crosshatch;thread-the-needle;scatter;rapid;light;kick;airshot;leech;pierce;magnum;ricochet;split;burst;backblast;banker;landing;fold;rewire,,
branches,,tripline,10,,room,clear,14.08,100,84,24,8,9,34,124,0,10,suspension;tripline;chain-release;scatter;backblast;backfire;light;airshot;rapid;leech,,
branches,,tripline,19,,boss,clear,34.48,100,66,36,2,1,106,219,0,19,suspension;tripline;chain-release;scatter;backblast;backfire;light;airshot;rapid;leech;magnum;ricochet;pierce;split;kick;burst;banker;landing;fold,,
branches,,retrace,10,,room,clear,17.28,100,100,0,0,8,7,70,0,10,recall;retrace;homecoming;ricochet;pierce;banker;fold;slingshot;light;airshot,,
branches,,retrace,19,,boss,clear,56.4,100,75,27,2,1,49,218,0,19,recall;retrace;homecoming;ricochet;pierce;banker;fold;slingshot;light;airshot;magnum;scatter;rapid;split;kick;leech;burst;backblast;landing,,
branches,,wallrunner,10,,room,clear,16.23,100,100,0,0,11,8,100,0,10,light;wallrunner;kick;redline;airshot;leech;rapid;magnum;backblast;pierce,,
branches,,wallrunner,19,,boss,clear,39.02,100,60,42,2,1,149,217,0,19,light;wallrunner;kick;redline;airshot;leech;rapid;magnum;backblast;pierce;scatter;ricochet;split;burst;banker;landing;crossfire;bloom;fold,,
branches,,airbrake,10,,room,clear,17.15,100,100,0,0,11,6,70,0,10,kick;air-brake;backblast;backfire;light;airshot;leech;magnum;landing;rapid,,
branches,,airbrake,19,,boss,clear,45.82,100,86,16,2,1,180,216,0,19,kick;air-brake;backblast;backfire;light;airshot;leech;magnum;landing;rapid;scatter;ricochet;pierce;split;burst;banker;crossfire;bloom;fold,,
branches,,resonator,10,,room,clear,21.93,100,100,0,0,8,3,70,0,10,cutting-torch;burst;pulse-chamber;fold;relay-gate;resonator;scatter;airshot;light;leech,,
branches,,resonator,19,,boss,clear,56.75,100,47,55,2,1,14,84,0,19,cutting-torch;burst;pulse-chamber;fold;relay-gate;resonator;scatter;airshot;light;leech;magnum;rapid;ricochet;pierce;split;kick;backblast;banker;landing,,
branches,,flywheel,10,,room,clear,27.68,100,47,71,18,11,13,106,0,10,mass-driver;skid-plate;grindshot;crosscut;flywheel;pierce;banker;airshot;light;leech,,
branches,,flywheel,19,,boss,clear,57.6,100,33,69,2,1,59,166,0,19,mass-driver;skid-plate;grindshot;crosscut;flywheel;pierce;banker;airshot;light;leech;magnum;scatter;rapid;ricochet;split;kick;burst;backblast;landing,,
branches,,storm,10,,room,clear,17.32,100,100,0,0,10,6,135,0,10,shellshock;cluster-shell;arc-coil;storm-cell;aftershock;blast-surf;airshot;light;leech;rapid,,
branches,,storm,19,,boss,timeout,89.8,100,34,66,0,1,53,218,1912.2,19,shellshock;cluster-shell;arc-coil;storm-cell;aftershock;blast-surf;airshot;light;leech;rapid;magnum;scatter;ricochet;pierce;split;kick;burst;backblast;banker,,
branches,,pulse,10,,room,clear,13.85,100,92,18,10,8,11,73,0,10,cutting-torch;burst;pulse-chamber;thermal-runaway;scatter;airshot;light;leech;kick;magnum,,
branches,,pulse,19,,boss,clear,40.68,100,100,0,0,1,12,66,0,19,cutting-torch;burst;pulse-chamber;thermal-runaway;scatter;airshot;light;leech;kick;magnum;rapid;ricochet;pierce;split;backblast;banker;landing;deadeye;execute,,
branches,,charge,10,,room,clear,27.28,100,90,30,20,7,6,82,0,10,cutting-torch;charge-lens;thermal-runaway;scatter;capacitor;airshot;light;leech;kick;magnum,,
branches,,charge,19,,boss,clear,41.5,100,56,46,2,1,12,97,0,19,cutting-torch;charge-lens;thermal-runaway;scatter;capacitor;airshot;light;leech;kick;magnum;rapid;ricochet;pierce;split;burst;backblast;banker;landing;deadeye,,
branches,,prism,10,,room,clear,16.83,100,100,0,0,11,4,71,0,10,cutting-torch;prism-array;thermal-runaway;scatter;pierce;airshot;light;leech;kick;magnum,,
branches,,prism,19,,boss,clear,43.97,100,19,83,2,1,11,71,0,19,cutting-torch;prism-array;thermal-runaway;scatter;pierce;airshot;light;leech;kick;magnum;rapid;ricochet;split;burst;backblast;banker;landing;deadeye;execute,,
branches,,pinwheel,10,,room,clear,17.65,100,100,0,0,8,46,181,0,10,crossfire;pinwheel;scatter;rapid;burst;airshot;light;leech;kick;magnum,,
branches,,pinwheel,19,,boss,clear,34.53,100,100,0,0,1,143,219,0,19,crossfire;pinwheel;scatter;rapid;burst;airshot;light;leech;kick;magnum;ricochet;pierce;split;backblast;banker;landing;bloom;fold;rewire,,
branches,,follow,10,,room,clear,10.1,100,100,0,0,9,10,51,0,10,crossfire;afterimage;follow-through;vector;afterburner;airshot;light;leech;kick;magnum,,
branches,,follow,19,,boss,clear,27.05,100,86,16,2,1,180,219,0,19,crossfire;afterimage;follow-through;vector;afterburner;airshot;light;leech;kick;magnum;scatter;rapid;ricochet;pierce;split;burst;backblast;banker;landing,,
branches,,shaped,10,,room,clear,16.57,100,86,30,16,9,7,100,0,10,shellshock;shaped-charge;fuse;linked-fuse;aftershock;shockfront;blast-surf;airshot;light;leech,,
branches,,shaped,19,,boss,timeout,89.8,100,32,68,0,1,56,206,872.6,19,shellshock;shaped-charge;fuse;linked-fuse;aftershock;shockfront;blast-surf;airshot;light;leech;magnum;scatter;rapid;ricochet;pierce;split;kick;burst;backblast,,
branches,,cluster,10,,room,clear,19.45,100,86,20,6,9,6,126,0,10,shellshock;cluster-shell;fuse;linked-fuse;aftershock;shockfront;blast-surf;airshot;light;leech,,
branches,,cluster,19,,boss,timeout,89.95,100,84,16,0,1,51,216,1149,19,shellshock;cluster-shell;fuse;linked-fuse;aftershock;shockfront;blast-surf;airshot;light;leech;magnum;scatter;rapid;ricochet;pierce;split;kick;burst;backblast,,
branches,,skid,10,,room,clear,11.55,100,100,0,0,9,7,69,0,10,mass-driver;skid-plate;pierce;banker;tether;airshot;light;leech;kick;magnum,,
branches,,skid,19,,boss,clear,52.68,100,78,24,2,1,141,220,0,19,mass-driver;skid-plate;pierce;banker;tether;airshot;light;leech;kick;magnum;scatter;rapid;ricochet;split;burst;backblast;landing;crossfire;bloom,,
branches,,relay,10,,room,clear,17.08,100,94,18,12,9,8,56,0,10,fold;relay-gate;slingshot;banker;ricochet;airshot;light;leech;kick;magnum,,
branches,,relay,19,,boss,clear,29.28,100,100,0,0,1,158,219,0,19,fold;relay-gate;slingshot;banker;ricochet;airshot;light;leech;kick;magnum;scatter;rapid;pierce;split;burst;backblast;landing;crossfire;bloom,,
branches,,short,10,,room,clear,19.07,100,100,0,0,11,15,78,0,10,arc-coil;short-circuit;magnum;rapid;pierce;airshot;light;leech;kick;scatter,,
branches,,short,19,,boss,clear,27.62,100,100,0,0,1,157,219,0,19,arc-coil;short-circuit;magnum;rapid;pierce;airshot;light;leech;kick;scatter;ricochet;split;burst;backblast;banker;landing;crossfire;bloom;fold,,
branches,,triphammer,10,,room,clear,12.23,100,100,0,0,8,3,49,0,10,ramjet;triphammer;kick;redline;backblast;breach;airshot;light;leech;magnum,,
branches,,triphammer,19,,boss,clear,31.75,100,100,0,0,1,157,216,0,19,ramjet;triphammer;kick;redline;backblast;breach;airshot;light;leech;magnum;scatter;rapid;ricochet;pierce;split;burst;banker;landing;crossfire,,
branches,,crosscut,10,,room,clear,16.5,100,100,0,0,8,21,69,0,10,grindshot;crosscut;split;shatter;pierce;banker;airshot;light;leech;magnum,,
branches,,crosscut,19,,boss,clear,60.53,100,69,33,2,1,180,218,0,19,grindshot;crosscut;split;shatter;pierce;banker;airshot;light;leech;magnum;scatter;rapid;ricochet;kick;burst;backblast;landing;crossfire;bloom,,
max,,precision.cutting-torch.pulse-chamber.rewire.daisy-chain.wrecking-ball.snapback,19,,,clear,34.67,100,31,71,2,1,20,74,0,47,,,
max,,precision.cutting-torch.pulse-chamber.rewire.daisy-chain.wrecking-ball.grapnel,19,,,clear,37.08,100,66,36,2,1,19,82,0,47,,,
max,,precision.cutting-torch.pulse-chamber.rewire.daisy-chain.triphammer.snapback,19,,,clear,34.67,100,31,71,2,1,20,74,0,47,,,
max,,precision.cutting-torch.pulse-chamber.rewire.short-circuit.wrecking-ball.snapback,19,,,clear,26.48,100,31,71,2,1,18,80,0,47,,,
max,,precision.cutting-torch.pulse-chamber.relay-gate.daisy-chain.wrecking-ball.snapback,19,,,clear,34.83,100,72,30,2,1,19,67,0,48,,,
max,,precision.cutting-torch.charge-lens.rewire.daisy-chain.wrecking-ball.snapback,19,,,clear,28.68,100,40,62,2,1,22,98,0,47,,,
max,,precision.cutting-torch.prism-array.rewire.daisy-chain.wrecking-ball.snapback,19,,,clear,29.9,100,42,60,2,1,22,87,0,47,,,
max,,precision.rail-spike.rewire.daisy-chain.wrecking-ball.corner-cutter.snapback,19,,,clear,23.15,100,45,57,2,1,121,216,0,50,,,
max,,precision.rail-spike.rewire.daisy-chain.wrecking-ball.crosscut.snapback,19,,,clear,18.13,100,85,17,2,1,146,218,0,50,,,
max,,precision.mass-driver.drop-forge.rewire.daisy-chain.wrecking-ball.corner-cutter.snapback,19,,,clear,20.88,100,58,44,2,1,104,215,0,53,,,
max,,precision.mass-driver.skid-plate.rewire.daisy-chain.wrecking-ball.corner-cutter.snapback,19,,,clear,14.4,100,100,0,0,1,116,217,0,53,,,
max,,bullet-hell.mass-driver.convergence.parallax.drop-forge.rewire.daisy-chain.wrecking-ball.corner-cutter.snapback,19,,,clear,46.18,100,62,40,2,1,180,220,0,54,,,
max,,bullet-hell.mass-driver.convergence.follow-through.drop-forge.rewire.daisy-chain.wrecking-ball.corner-cutter.snapback,19,,,clear,40.93,100,52,50,2,1,180,218,0,54,,,
max,,bullet-hell.mass-driver.pinwheel.parallax.drop-forge.rewire.daisy-chain.wrecking-ball.corner-cutter.snapback,19,,,clear,46.27,100,41,61,2,1,180,220,0,54,,,
max,,demolition.mass-driver.implosion.drop-forge.rewire.daisy-chain.wrecking-ball.corner-cutter.snapback,19,,,dead,51.55,100,0,100,0,1,105,215,2623.3,58,,"{""type"":""blast"",""enemy"":""interceptor""}",
max,,demolition.mass-driver.shaped-charge.drop-forge.rewire.daisy-chain.wrecking-ball.corner-cutter.snapback,19,,,clear,56.25,100,44,58,2,1,105,216,0,58,,,
max,,demolition.mass-driver.cluster-shell.drop-forge.rewire.daisy-chain.wrecking-ball.corner-cutter.snapback,19,,,timeout,59.7,100,5,95,0,1,112,216,2653.1,59,,,
max,,cryogenic.mass-driver.drop-forge.rewire.daisy-chain.wrecking-ball.corner-cutter.deep-freeze.snapback,19,,,clear,50.18,100,81,21,2,1,135,217,0,52,,,
max,,cryogenic.mass-driver.drop-forge.rewire.daisy-chain.wrecking-ball.corner-cutter.cold-snap.snapback,19,,,clear,55.5,100,63,39,2,1,135,217,0,52,,,
max,,stasis.mass-driver.drop-forge.rewire.daisy-chain.wrecking-ball.corner-cutter.crosshatch.snapback.thread-the-needle,19,,,clear,48.88,100,73,29,2,1,175,219,0,51,,,
max,,stasis.mass-driver.drop-forge.rewire.daisy-chain.wrecking-ball.corner-cutter.crosshatch.snapback.convoy,19,,,clear,41.07,100,86,16,2,1,142,213,0,51,,,
max,,stasis.mass-driver.drop-forge.rewire.daisy-chain.wrecking-ball.corner-cutter.tripline.snapback,19,,,clear,39.7,100,66,36,2,1,150,219,0,51,,,
campaign,path-run-65,utility,0,12,,dead,433.3,100,0,258,158,10,,,552,12,mass-driver;vector;rapid;ramjet;shellshock;ricochet;pierce;leech;wrecking-ball;landing;light;countershot,"{""type"":""shot"",""enemy"":""flyer""}",
campaign,path-run-65,ordinary,0,9,,dead,275.23,100,0,166,66,9,,,607,9,mass-driver;drop-forge;rapid;ramjet;shellshock;tether;ricochet;cinder;arc-coil,"{""type"":""shot"",""enemy"":""shooter""}",
campaign,path-run-65,precision,0,7,,timeout,423.52,100,20,118,38,9,,,1076,7,rapid;mass-driver;ricochet;ramjet;recall;grindshot;leech,,
campaign,path-run-66,utility,0,8,,dead,250.88,100,0,171,71,14,,,84,8,arc-coil;pierce;countershot;split;fold;scatter;crossfire;landing,"{""type"":""shot"",""enemy"":""sniper""}",
campaign,path-run-66,ordinary,0,6,,dead,142.08,100,0,147,47,14,,,169,6,arc-coil;pierce;countershot;ramjet;deadeye;scatter,"{""type"":""fuel""}",
campaign,path-run-66,precision,0,14,,dead,402.87,100,0,218,118,14,,,278,14,rapid;split;countershot;airshot;shellshock;scatter;fold;cinder;capacitor;burst;leech;crosswind;mass-driver;shaped-charge,"{""type"":""shot"",""enemy"":""flyer""}",
campaign,path-run-67,utility,0,7,,dead,210.53,100,0,171,71,14,,,57,7,leech;pierce;capacitor;ricochet;light;grindshot;countershot,"{""type"":""shot"",""enemy"":""kiln""}",
campaign,path-run-67,ordinary,0,9,,dead,314.72,100,0,184,84,14,,,315,9,cutting-torch;capacitor;pierce;ramjet;airshot;reserve-cell;burst;cinder;countershot,"{""type"":""shot"",""enemy"":""flyer""}",
campaign,path-run-67,precision,0,19,,won,647.33,100,72,233,205,14,,,0,19,magnum;rapid;leech;ramjet;light;grindshot;crossfire;airshot;capacitor;crosscut;backblast;crosswind;arc-coil;banker;kick;pinwheel;mass-driver;reserve-cell;fold,,
campaign,RF-D78-2026-09-19,daily,0,3,,timeout,243.68,100,64,48,12,5,,,733,3,recall;airshot;scatter,,
campaign,RF-D78-2026-09-20,daily,0,19,,won,725.53,100,70,380,350,11,,,0,19,banker;mass-driver;backblast;ramjet;airshot;leech;wrecking-ball;cinder;scatter;tripwire;magnum;crosswind;skid-plate;recall;capacitor;ricochet;landing;pierce;homecoming,,
campaign,RF-D78-2026-09-21,daily,0,3,,dead,41.02,100,0,112,12,5,,,755,3,grindshot;corner-cutter;kick,"{""type"":""contact"",""enemy"":""loader""}",
areas,path-run-65,utility,4,19,,won,558.47,100,25,153,78,10,,,0,19,light;fold;countershot;ricochet;vector;grindshot;rapid;cinder;flashpoint;mass-driver;arc-coil;capacitor;pierce;landing;tripwire;magnum;split;drop-forge;tether,,
areas,path-run-65,utility,8,19,,won,520.92,100,73,174,147,9,,,0,19,light;fold;countershot;ricochet;pierce;split;leech;landing;grindshot;relay-gate;arc-coil;crosswind;rapid;crosscut;tripwire;cinder;daisy-chain;slipstream;capacitor,,
areas,path-run-65,utility,12,19,,won,301.6,100,82,119,101,10,,,0,19,light;fold;countershot;ricochet;pierce;split;leech;landing;vector;tether;capacitor;reserve-cell;rapid;coolant-rounds;mass-driver;cinder;afterburner;relay-gate;backblast,,
areas,path-run-65,utility,16,17,,dead,67.48,100,0,136,36,9,,,177,17,light;fold;countershot;ricochet;pierce;split;leech;landing;vector;tether;capacitor;reserve-cell;tripwire;rewire;burst;recall;grindshot,"{""type"":""shot"",""enemy"":""sniper""}",
areas,path-run-65,balanced,4,19,,won,434.77,100,49,127,76,10,,,0,19,magnum;light;kick;rapid;countershot;pierce;split;cinder;grindshot;ricochet;flashpoint;crosswind;leech;coolant-rounds;mass-driver;scatter;vector;crosscut;fold,,
areas,path-run-65,balanced,8,19,,won,286.77,100,98,102,100,9,,,0,19,magnum;light;kick;rapid;airshot;leech;pierce;ricochet;tripwire;scatter;arc-coil;countershot;burst;short-circuit;tension;cinder;tether;vector;fold,,
areas,path-run-65,balanced,12,19,,dead,370.78,100,0,258,158,10,,,1178,19,magnum;light;kick;rapid;airshot;leech;pierce;ricochet;scatter;countershot;shellshock;capacitor;backblast;shaped-charge;tether;cinder;snapback;flashpoint;blast-surf,"{""type"":""shot"",""enemy"":""interceptor""}",
areas,path-run-65,balanced,16,19,,won,244.57,100,14,131,45,10,,,0,19,magnum;light;kick;rapid;airshot;leech;pierce;ricochet;scatter;countershot;shellshock;capacitor;tripwire;redline;blast-surf;fuse;grindshot;mass-driver;aftershock,,
areas,path-run-65,precision,4,15,,dead,257.12,100,0,229,129,9,,,3780,15,magnum;rapid;deadeye;airshot;deadlock;arc-coil;leech;cinder;execute;cutting-torch;capacitor;crosswind;pierce;charge-lens;tether,"{""type"":""shot"",""enemy"":""boss""}",
areas,path-run-65,precision,8,15,,dead,179.5,100,0,138,38,9,,,1975,15,magnum;rapid;deadeye;airshot;light;leech;execute;rivet;deadlock;cutting-torch;capacitor;crosswind;ricochet;charge-lens;tether,"{""type"":""contact"",""enemy"":""boss""}",
areas,path-run-65,precision,12,13,,dead,23.37,100,0,102,2,7,,,317,13,magnum;rapid;deadeye;airshot;light;leech;execute;rivet;fracture;deadlock;capacitor;reserve-cell;ricochet,"{""type"":""train""}",
areas,path-run-65,precision,16,18,,dead,48.45,100,0,144,44,10,,,869,18,magnum;rapid;deadeye;airshot;light;leech;execute;rivet;fracture;deadlock;capacitor;reserve-cell;rail-spike;backblast;kick;redline;recall;arc-coil,"{""type"":""shot"",""enemy"":""sniper""}",
areas,path-run-66,utility,4,19,,won,584.42,100,63,270,233,10,,,0,19,light;fold;countershot;ricochet;shellshock;tether;split;cinder;capacitor;leech;blast-surf;crosswind;shaped-charge;vector;airshot;ramjet;relay-gate;slingshot;tripwire,,
areas,path-run-66,utility,8,19,,won,496.32,100,58,239,197,11,,,0,19,light;fold;countershot;ricochet;pierce;split;leech;landing;capacitor;burst;crossfire;crosswind;mass-driver;pinwheel;airshot;tether;relay-gate;shatter;drop-forge,,
areas,path-run-66,utility,12,19,,won,294.1,100,69,67,36,10,,,0,19,light;fold;countershot;ricochet;pierce;split;leech;landing;vector;tether;capacitor;reserve-cell;coolant-rounds;cold-snap;rapid;ramjet;cold-front;slingshot;relay-gate,,
areas,path-run-66,utility,16,19,,won,136.47,100,37,122,59,11,,,0,19,light;fold;countershot;ricochet;pierce;split;leech;landing;vector;tether;capacitor;reserve-cell;magnum;rewire;airshot;suspension;wallrunner;shatter;crosshatch,,
areas,path-run-66,balanced,4,19,,won,467.02,100,90,204,194,9,,,0,19,magnum;light;kick;rapid;pierce;ricochet;leech;cinder;countershot;backblast;deadeye;crosswind;cutting-torch;charge-lens;scatter;ramjet;thermal-runaway;airshot;flashpoint,,
areas,path-run-66,balanced,8,11,,timeout,215.8,100,58,60,18,9,,,1860,11,magnum;light;kick;rapid;airshot;leech;pierce;ricochet;countershot;banker;fold,,
areas,path-run-66,balanced,12,19,,won,179.93,100,100,66,66,9,,,0,19,magnum;light;kick;rapid;airshot;leech;pierce;ricochet;scatter;countershot;vector;backblast;mass-driver;coolant-rounds;banker;ramjet;cold-snap;capacitor;triphammer,,
areas,path-run-66,balanced,16,19,,won,94.62,100,84,88,72,10,,,0,19,magnum;light;kick;rapid;airshot;leech;pierce;ricochet;scatter;countershot;vector;backblast;split;shatter;landing;suspension;wallrunner;capacitor;crosshatch,,
areas,path-run-66,precision,4,11,,dead,219.75,100,0,147,47,8,,,1686,11,magnum;rapid;deadeye;airshot;capacitor;execute;leech;cinder;recall;kick;banker,"{""type"":""shot"",""enemy"":""condenser""}",
areas,path-run-66,precision,8,19,,won,297.87,100,81,141,122,11,,,0,19,magnum;rapid;deadeye;airshot;light;leech;execute;rivet;deadlock;split;banker;crosswind;fracture;mass-driver;pierce;ramjet;triphammer;recall;skid-plate,,
areas,path-run-66,precision,12,19,,won,184.5,100,95,157,152,9,,,0,19,magnum;rapid;deadeye;airshot;light;leech;execute;rivet;fracture;deadlock;capacitor;reserve-cell;cutting-torch;charge-lens;ricochet;ramjet;thermal-runaway;backblast;arc-coil,,
areas,path-run-66,precision,16,18,,dead,70.43,100,0,170,70,12,,,1163,18,magnum;rapid;deadeye;airshot;light;leech;execute;rivet;fracture;deadlock;capacitor;reserve-cell;rail-spike;backblast;ricochet;arc-coil;grindshot;fold,"{""type"":""shot"",""enemy"":""flyer""}",
